<?xml version="1.0" encoding="utf-8" ?>
<Defs>


  <ThingDef ParentName="PlantBase">
    <defName>PlantSpice</defName>
    <label>raw spice</label>
    <description>a deposit of raw, unrefined spice.</description>
    <statBases>
      <MaxHitPoints>80</MaxHitPoints>
    </statBases>
    <graphicData>
      <texPath>Things/Fremen/Items/rawspice</texPath>
      <shadowData>
        <volume>(0.2, 0.6, 0.2)</volume>
      </shadowData>
	<graphicClass>Graphic_Single</graphicClass>
    </graphicData>
    <selectable>true</selectable>
    <fillPercent>0.25</fillPercent>
    <pathCost>30</pathCost>
	<ingestible>
      <nutrition>0.02</nutrition>
    </ingestible>
	<thingCategories>
      <li>PlantMatter</li>
    </thingCategories>
    <plant>
			<fertilitySensitivity>0.5</fertilitySensitivity>
			<growDays>2.22</growDays>
			<harvestTag>Standard</harvestTag>
			<dieIfLeafless>true</dieIfLeafless>
			<harvestedThingDef>RawSpice</harvestedThingDef>
			<harvestYield>25</harvestYield>
			<harvestWork>950</harvestWork>
			<fertilityMin>0.3</fertilityMin>
			<wildCommonalityMaxFraction>3.0</wildCommonalityMaxFraction>
			<visualSizeRange>
				<min>0.7</min>
				<max>1.1</max>
			</visualSizeRange>
			<topWindExposure>0.0</topWindExposure>
      <wildClusterSizeRange>
        <min>2</min>
        <max>5</max>
      </wildClusterSizeRange>
	<wildBiomes>
        <ExtremeDesert>0.22</ExtremeDesert>
		<Desert>0.35</Desert>
	</wildBiomes>
      <wildClusterRadius>4</wildClusterRadius>
    </plant>
  </ThingDef>
  
</Defs>