﻿<?xml version="1.0" encoding="utf-8" ?>
<Defs>  
  
    <PawnKindDef Name="FremenBase" Abstract="True">
    <race>Human</race>
    <defaultFactionType>FremenTribes</defaultFactionType>
    <backstoryCategory>Tribal</backstoryCategory>
    <baseRecruitDifficulty>0.65</baseRecruitDifficulty>
    <chemicalAddictionChance>0.05</chemicalAddictionChance>
    <invNutrition>2.55</invNutrition>
  </PawnKindDef>
  
    <PawnKindDef Name="FremenWarrior" ParentName="FremenBase">
    <defName>FremenWarrior</defName>
    <label>fremen warrior</label>
    <combatPower>48</combatPower>
	<apparelAllowHeadwearChance>.6</apparelAllowHeadwearChance>
    <maxGenerationAge>40</maxGenerationAge>
    <gearHealthRange>
      <min>0.7</min>
      <max>1.8</max>
    </gearHealthRange>
    <apparelMoney>
      <min>700</min>
      <max>1000</max>
    </apparelMoney>
    <apparelTags>
      <li>FremenApparel</li>
    </apparelTags>
		<weaponMoney>
			<min>1100</min>
			<max>2500</max>
		</weaponMoney>
		<weaponTags>
			<li>FremenMelee</li>
			<li>FremenRanged</li>			
		</weaponTags>
 <inventoryOptions>
      <skipChance>0.9</skipChance>
      <subOptionsChooseOne>
        <li>
          <thingDef>Silver</thingDef>
          <countRange>
            <min>25</min>
            <max>50</max>
          </countRange>
        </li>
        <li>
          <thingDef>Spice</thingDef>
          <countRange>
            <min>1</min>
            <max>1</max>
          </countRange>
        </li>
      </subOptionsChooseOne>
    </inventoryOptions>
	</PawnKindDef>
	
	<PawnKindDef ParentName="FremenWarrior">
    <defName>FremenTrader</defName>
    <label>fremen tradere</label>
    <trader>true</trader>
	<apparelMoney>
      <min>700</min>
      <max>1000</max>
    </apparelMoney>
    <apparelTags>
      <li>FremenApparel</li>
    </apparelTags>
	<apparelAllowHeadwearChance>.6</apparelAllowHeadwearChance>
  </PawnKindDef>
  
  	<PawnKindDef ParentName="FremenBase">
		<defName>FremenChief</defName>
		<label>naib</label>
    <combatPower>70</combatPower>
	<apparelAllowHeadwearChance>1</apparelAllowHeadwearChance>
	<baseRecruitDifficulty>0.90</baseRecruitDifficulty>
    <itemQuality>Superior</itemQuality>
    <minGenerationAge>27</minGenerationAge>
	<maxGenerationAge>45</maxGenerationAge>
    <factionLeader>true</factionLeader>
    <gearHealthRange>
      <min>0.7</min>
      <max>3.0</max>
    </gearHealthRange>
    <apparelMoney>
      <min>600</min>
      <max>1600</max>
    </apparelMoney>
    <apparelTags>
      <li>FremenApparel</li>
    </apparelTags>
    <weaponMoney>
			<min>1100</min>
			<max>2500</max>
		</weaponMoney>
		<weaponTags>
			<li>FremenMelee</li>
		</weaponTags>
		
		 <inventoryOptions>
      <skipChance>0.9</skipChance>
      <subOptionsChooseOne>
        <li>
          <thingDef>Silver</thingDef>
          <countRange>
            <min>25</min>
            <max>50</max>
          </countRange>
        </li>
        <li>
          <thingDef>Spice</thingDef>
          <countRange>
            <min>1</min>
            <max>4</max>
          </countRange>
        </li>
      </subOptionsChooseOne>
    </inventoryOptions>
	
	
	</PawnKindDef>
  
</Defs>