<?xml version="1.0" encoding="UTF-8"?>

<Defs>

  <WorkGiverDef>
  <defName>DoBillsSpiceRefine</defName>
  <label>refining</label>
  <giverClass>WorkGiver_DoBill</giverClass>
  <workType>Crafting</workType>
  <priorityInType>110</priorityInType>
    <fixedBillGiverDefs>
      <li>SpiceRefinery</li>
    </fixedBillGiverDefs>
  <verb>craft</verb>
  <gerund>baking</gerund>
  <requiredCapacities>
      <li>Manipulation</li>
  </requiredCapacities>
    <prioritizeSustains>true</prioritizeSustains>
  </WorkGiverDef>

</Defs>

