﻿<?xml version="1.0" encoding="utf-8" ?>
<Defs>

  <RulePackDef>
    <defName>NamerFactionBaseFremen</defName>
    <rulePack>
      <rulesStrings>
		<li>name->[color] [tribalword] Sietch</li>
		<li>name->[tribalword] Sietch</li>
		<li>name->Sietch [tribalword]</li>
      </rulesStrings>
	<rulesRaw>
        <li Class="Rule_File">
          <keyword>tribalword</keyword>
          <path>Words/Foreign/Tribal</path>
        </li>
	    <li Class="Rule_File">
          <keyword>color</keyword>
          <path>Words/Nouns/Colors</path>
        </li>
    </rulesRaw>
    </rulePack>
  </RulePackDef>

  
  <RulePackDef>
    <defName>NamerFactionFremen</defName>
    <rulePack>
      <rulesStrings>
        <li>name->[color] [tribalword] Sietch</li>
		<li>name->[tribalword] Sietch</li>
		<li>name->Sietch [tribalword]</li>
      </rulesStrings>
      <rulesRaw>
        <li Class="Rule_File">
          <keyword>tribalword</keyword>
          <path>Words/Foreign/Tribal</path>
        </li>
	    <li Class="Rule_File">
          <keyword>color</keyword>
          <path>Words/Nouns/Colors</path>
        </li>
      </rulesRaw>
    </rulePack>
  </RulePackDef>
  
  
    <RulePackDef>
    <defName>NamerPersonFremen</defName>
    <rulePack>
      <rulesStrings>
        <li>name->[tribalword] '[badassanimal]' [tribalword]</li>
        <li>name->[color] [tribalword]</li>
        <li>name->[tribalword] [tribalword]</li>
        <li>name->[tribalword] [tribalword]</li>
        <li>name->[tribalword] [animal]</li>
        <li>name->[animal] [tribalword]</li>
        <li>name->[color] [animal]</li>
      </rulesStrings>
      <rulesRaw>
        <li Class="Rule_File">
          <keyword>tribalword</keyword>
          <path>Words/Foreign/Tribal</path>
        </li>
        <li Class="Rule_File">
          <keyword>badassanimal</keyword>
          <path>Words/Nouns/Animals_Badass</path>
        </li>
        <li Class="Rule_File">
          <keyword>animal</keyword>
          <path>Words/Nouns/Animals</path>
        </li>
        <li Class="Rule_File">
          <keyword>color</keyword>
          <path>Words/Nouns/Colors</path>
        </li>
      </rulesRaw>
    </rulePack>
  </RulePackDef>
</Defs>







